Model,MAE,R2 Score
LinearRegression,411.1520437091076,0.833478361614755
RandomForest,103.12589338235291,0.9490262299145208
GradientBoosting,120.34315476505917,0.9612295798921873
